-- phpMyAdmin SQL Dump
-- version 5.2.1
-- https://www.phpmyadmin.net/
--
-- Servidor: 127.0.0.1
-- Tiempo de generaci칩n: 20-10-2024 a las 18:01:56
-- Versi칩n del servidor: 10.4.32-MariaDB
-- Versi칩n de PHP: 8.2.12

SET SQL_MODE = "NO_AUTO_VALUE_ON_ZERO";
START TRANSACTION;
SET time_zone = "+00:00";


/*!40101 SET @OLD_CHARACTER_SET_CLIENT=@@CHARACTER_SET_CLIENT */;
/*!40101 SET @OLD_CHARACTER_SET_RESULTS=@@CHARACTER_SET_RESULTS */;
/*!40101 SET @OLD_COLLATION_CONNECTION=@@COLLATION_CONNECTION */;
/*!40101 SET NAMES utf8mb4 */;

--
-- Base de datos: `almacen`
--
CREATE DATABASE IF NOT EXISTS `almacen` DEFAULT CHARACTER SET utf8mb4 COLLATE utf8mb4_general_ci;
USE `almacen`;

-- --------------------------------------------------------

--
-- Estructura de tabla para la tabla `calendar`
--

CREATE TABLE `calendar` (
  `id` int(11) NOT NULL,
  `title` varchar(45) NOT NULL,
  `start` varchar(45) NOT NULL,
  `end` varchar(45) DEFAULT NULL
) ENGINE=InnoDB DEFAULT CHARSET=utf8mb4 COLLATE=utf8mb4_general_ci;

--
-- Volcado de datos para la tabla `calendar`
--

INSERT INTO `calendar` (`id`, `title`, `start`, `end`) VALUES
(1, 'Master clase', '2024-10-13', NULL),
(44, 'Auditoria2', '2024-11-10 00:00:00', '2024-11-10 00:00:00'),
(45, 'Fiesta Halloween 游꾺 ', '2024-10-31 00:00:00', '2024-10-31 00:00:00'),
(50, 'pera', '2024-10-29 00:00:00', '2024-10-29 00:00:00'),
(53, 'calendario', '2024-10-20 00:00:00', '2024-10-20 00:00:00'),
(55, 'Clase Angula', '2024-10-12 00:00:00', '2024-10-12 00:00:00'),
(56, 'Cumple Pau 游꾹 ', '2024-10-02 00:00:00', '2024-10-02 00:00:00');

-- --------------------------------------------------------

--
-- Estructura de tabla para la tabla `charts`
--

CREATE TABLE `charts` (
  `name` varchar(100) NOT NULL,
  `data` text NOT NULL
) ENGINE=InnoDB DEFAULT CHARSET=utf8mb4 COLLATE=utf8mb4_general_ci;

--
-- Volcado de datos para la tabla `charts`
--

INSERT INTO `charts` (`name`, `data`) VALUES
('bar', '{\r\n  \"labels\": [\"2024-01-10\", \"2024-01-11\", \"2024-01-12\", \"2024-01-13\", \"2024-01-14\", \"2024-01-15\"],\r\n  \"datasets\": [\r\n    {\r\n      \"label\": \"Graphic Cards Sales (units)\",\r\n      \"data\": [\"120\", \"135\", \"140\", \"100\", \"90\", \"110\"],\r\n      \"backgroundColor\": \"#a5b4fc\"\r\n    },\r\n    {\r\n      \"label\": \"Gaming Consoles Sales (units)\",\r\n      \"data\": [\"200\", \"220\", \"215\", \"180\", \"170\", \"190\", \"230\", \"240\"],\r\n      \"backgroundColor\": \"#f87171\"\r\n    }\r\n  ]\r\n}\r\n\r\n'),
('doughnut', '{\r\n    \"datasets\": [\r\n        {\r\n            \"data\": [\r\n                10,\r\n                20,\r\n                30\r\n            ],\r\n            \"backgroundColor\": [\r\n                \"#c084fc\", \r\n                \"#a5b4fc\", \r\n                \"#f87171\"\r\n            ],\r\n            \"borderWidth\": 0\r\n        }\r\n    ],\r\n    \"labels\": [\r\n        \"Electronics\",\r\n        \"Clothing\",\r\n        \"Make up\"\r\n    ]\r\n}\r\n');

-- --------------------------------------------------------

--
-- Estructura de tabla para la tabla `marker`
--

CREATE TABLE `marker` (
  `longitude` float NOT NULL,
  `latitude` float NOT NULL
) ENGINE=InnoDB DEFAULT CHARSET=utf8mb4 COLLATE=utf8mb4_general_ci;

--
-- Volcado de datos para la tabla `marker`
--

INSERT INTO `marker` (`longitude`, `latitude`) VALUES
(41.3924, 2.15369),
(2.15899, 41.3888),
(2.1572, 41.387),
(2.16899, 41.39),
(1.15899, 42.3888),
(2.154, 41.4888),
(2.1563, 41.3895),
(2.1552, 41.3923);

-- --------------------------------------------------------

--
-- Estructura de tabla para la tabla `productos`
--

CREATE TABLE `productos` (
  `id` int(11) NOT NULL,
  `name` varchar(45) NOT NULL,
  `description` varchar(45) NOT NULL,
  `price` double NOT NULL,
  `stock` int(11) NOT NULL
) ENGINE=InnoDB DEFAULT CHARSET=utf8mb4 COLLATE=utf8mb4_general_ci;

--
-- Volcado de datos para la tabla `productos`
--

INSERT INTO `productos` (`id`, `name`, `description`, `price`, `stock`) VALUES
(16, 'Cascos', 'Cascos para gamers', 275, 15),
(17, 'Teclado', 'Teclado para tablat', 64.99, 12),
(19, 'Disco duro', '1 tera ', 89.99, 5),
(20, 'Cable usb', 'cable para movil', 12, 10);

--
-- 칈ndices para tablas volcadas
--

--
-- Indices de la tabla `calendar`
--
ALTER TABLE `calendar`
  ADD PRIMARY KEY (`id`);

--
-- Indices de la tabla `charts`
--
ALTER TABLE `charts`
  ADD PRIMARY KEY (`name`);

--
-- Indices de la tabla `productos`
--
ALTER TABLE `productos`
  ADD PRIMARY KEY (`id`);

--
-- AUTO_INCREMENT de las tablas volcadas
--

--
-- AUTO_INCREMENT de la tabla `calendar`
--
ALTER TABLE `calendar`
  MODIFY `id` int(11) NOT NULL AUTO_INCREMENT, AUTO_INCREMENT=57;

--
-- AUTO_INCREMENT de la tabla `productos`
--
ALTER TABLE `productos`
  MODIFY `id` int(11) NOT NULL AUTO_INCREMENT, AUTO_INCREMENT=21;
--
-- Base de datos: `migracheck`
--
CREATE DATABASE IF NOT EXISTS `migracheck` DEFAULT CHARACTER SET utf8mb4 COLLATE utf8mb4_general_ci;
USE `migracheck`;

-- --------------------------------------------------------

--
-- Estructura de tabla para la tabla `country`
--

CREATE TABLE `country` (
  `id_country` int(6) NOT NULL,
  `name` varchar(80) NOT NULL,
  `demonym` varchar(45) NOT NULL
) ENGINE=InnoDB DEFAULT CHARSET=utf8mb4 COLLATE=utf8mb4_general_ci;

--
-- Volcado de datos para la tabla `country`
--

INSERT INTO `country` (`id_country`, `name`, `demonym`) VALUES
(1, 'Colombia', 'colombiano'),
(2, 'Costa Rica', ''),
(3, 'Cuba', ''),
(4, 'Republica Dominicana', ''),
(5, 'Mexico', ''),
(6, 'Guatemala', ''),
(7, 'El Salvador', ''),
(8, 'Honduras', ''),
(9, 'Nicaragua', ''),
(10, 'Panama', ''),
(11, 'Venezuela', ''),
(12, 'Ecuador', ''),
(13, 'Brasil', ''),
(14, 'Peru', ''),
(15, 'Bolivia', ''),
(16, 'Paraguay', ''),
(17, 'Uruguay ', ''),
(18, 'Argentina', ''),
(19, 'Chile', '');

-- --------------------------------------------------------

--
-- Estructura de tabla para la tabla `faq`
--

CREATE TABLE `faq` (
  `id_faq` int(6) NOT NULL,
  `process_id` int(6) NOT NULL,
  `question` varchar(255) NOT NULL,
  `answer` varchar(255) NOT NULL
) ENGINE=InnoDB DEFAULT CHARSET=utf8mb4 COLLATE=utf8mb4_general_ci;

--
-- Volcado de datos para la tabla `faq`
--

INSERT INTO `faq` (`id_faq`, `process_id`, `question`, `answer`) VALUES
(1, 1, 'Visados que los %PAIS% pueden obtener para ingresar y residir en Espa침a.', 'Visa de Turista\r\nVisa de Estudiante\r\nVisa de Trabaj칩 \r\nVisa no Lucrativa\r\nGolden Visa\r\nVisado de Investigaci칩n\r\nVisado de Voluntariados\r\n'),
(8, 2, 'Arraigo para %PAIS% en Espa침a', 'Aplica a hondure침os que se encuentran en Espa침a de manera irregular o sin visado y buscan legalizar su situaci칩n despu칠s de cumplir ciertos requisitos, como haber vivido un tiempo en el pa칤s y demostrar integraci칩n social o haber trabajado.'),
(16, 1, 'Visa de Turista para %PAIS%', 'Permite a los ciudadanos hondure침os ingresar a Espa침a para actividades tur칤sticas, visitas familiares o cualquier otra actividad no lucrativa.\r\n\r\nDuraci칩n: Hasta 90 d칤as en un per칤odo de 180 d칤as.');

-- --------------------------------------------------------

--
-- Estructura de tabla para la tabla `lawyers`
--

CREATE TABLE `lawyers` (
  `id_lawyer` int(6) NOT NULL,
  `name` varchar(80) NOT NULL,
  `phone` varchar(45) NOT NULL,
  `mail` varchar(100) NOT NULL,
  `description` text NOT NULL,
  `photo_url` text NOT NULL
) ENGINE=InnoDB DEFAULT CHARSET=utf8mb4 COLLATE=utf8mb4_general_ci;

--
-- Volcado de datos para la tabla `lawyers`
--

INSERT INTO `lawyers` (`id_lawyer`, `name`, `phone`, `mail`, `description`, `photo_url`) VALUES
(1, 'Jose Lopez', '645 654 754 ', 'zgsdfghdf@edshgsd.esw', 'Experto en visados y regularizaciones de ciudadanos extranjeros.', ''),
(2, 'Abogada Maribel Garc칤a.', '(+34) 635 125 495', 'maribelg@gmail.com', 'Experta en visados de ciudadanos de Latinoam칠rica.', ''),
(3, 'Abogado Eduardo Torres', '(+34) 632 789 421', 'edutorres@gmail.com', 'Experto en procesos de arraigo', '');

-- --------------------------------------------------------

--
-- Estructura de tabla para la tabla `lawyers_process`
--

CREATE TABLE `lawyers_process` (
  `lawyer_id` int(6) NOT NULL,
  `process_id` int(6) NOT NULL
) ENGINE=InnoDB DEFAULT CHARSET=utf8mb4 COLLATE=utf8mb4_general_ci;

--
-- Volcado de datos para la tabla `lawyers_process`
--

INSERT INTO `lawyers_process` (`lawyer_id`, `process_id`) VALUES
(1, 1),
(1, 2),
(2, 1),
(3, 2);

-- --------------------------------------------------------

--
-- Estructura de tabla para la tabla `process`
--

CREATE TABLE `process` (
  `id_process` int(6) NOT NULL,
  `country_id` int(6) NOT NULL,
  `name` varchar(80) NOT NULL,
  `description` text NOT NULL
) ENGINE=InnoDB DEFAULT CHARSET=utf8mb4 COLLATE=utf8mb4_general_ci;

--
-- Volcado de datos para la tabla `process`
--

INSERT INTO `process` (`id_process`, `country_id`, `name`, `description`) VALUES
(1, 1, 'Tipos de visados', 'Los visados son documentos que permiten a una persona ingresar a Espa침a desde el extranjero para una estancia temporal o permanente. Se solicita antes de viajar a Espa침a y permite la entrada al pa칤s con fines espec칤ficos como trabajo, estudio, turismo o inversi칩n.'),
(2, 5, 'Arraigo y reagrupaci칩n familiar.', 'Son procesos para regularizar la situaci칩n de personas que ya se encuentran en Espa침a (en el caso del arraigo) o para traer a familiares cercanos de personas que ya residen legalmente en Espa침a (en el caso de la reagrupaci칩n familiar).');

--
-- 칈ndices para tablas volcadas
--

--
-- Indices de la tabla `country`
--
ALTER TABLE `country`
  ADD PRIMARY KEY (`id_country`);

--
-- Indices de la tabla `faq`
--
ALTER TABLE `faq`
  ADD PRIMARY KEY (`id_faq`),
  ADD KEY `process_id` (`process_id`);

--
-- Indices de la tabla `lawyers`
--
ALTER TABLE `lawyers`
  ADD PRIMARY KEY (`id_lawyer`);

--
-- Indices de la tabla `lawyers_process`
--
ALTER TABLE `lawyers_process`
  ADD PRIMARY KEY (`lawyer_id`,`process_id`),
  ADD KEY `process_id` (`process_id`);

--
-- Indices de la tabla `process`
--
ALTER TABLE `process`
  ADD PRIMARY KEY (`id_process`),
  ADD KEY `country_id` (`country_id`);

--
-- AUTO_INCREMENT de las tablas volcadas
--

--
-- AUTO_INCREMENT de la tabla `country`
--
ALTER TABLE `country`
  MODIFY `id_country` int(6) NOT NULL AUTO_INCREMENT, AUTO_INCREMENT=20;

--
-- AUTO_INCREMENT de la tabla `faq`
--
ALTER TABLE `faq`
  MODIFY `id_faq` int(6) NOT NULL AUTO_INCREMENT, AUTO_INCREMENT=20;

--
-- AUTO_INCREMENT de la tabla `lawyers`
--
ALTER TABLE `lawyers`
  MODIFY `id_lawyer` int(6) NOT NULL AUTO_INCREMENT, AUTO_INCREMENT=4;

--
-- AUTO_INCREMENT de la tabla `process`
--
ALTER TABLE `process`
  MODIFY `id_process` int(6) NOT NULL AUTO_INCREMENT, AUTO_INCREMENT=3;

--
-- Restricciones para tablas volcadas
--

--
-- Filtros para la tabla `faq`
--
ALTER TABLE `faq`
  ADD CONSTRAINT `faq_ibfk_1` FOREIGN KEY (`process_id`) REFERENCES `process` (`id_process`);

--
-- Filtros para la tabla `lawyers_process`
--
ALTER TABLE `lawyers_process`
  ADD CONSTRAINT `lawyers_process_ibfk_1` FOREIGN KEY (`process_id`) REFERENCES `process` (`id_process`),
  ADD CONSTRAINT `lawyers_process_ibfk_2` FOREIGN KEY (`lawyer_id`) REFERENCES `lawyers` (`id_lawyer`);

--
-- Filtros para la tabla `process`
--
ALTER TABLE `process`
  ADD CONSTRAINT `process_ibfk_1` FOREIGN KEY (`country_id`) REFERENCES `country` (`id_country`);
--
-- Base de datos: `phpmyadmin`
--
CREATE DATABASE IF NOT EXISTS `phpmyadmin` DEFAULT CHARACTER SET utf8 COLLATE utf8_bin;
USE `phpmyadmin`;

-- --------------------------------------------------------

--
-- Estructura de tabla para la tabla `pma__bookmark`
--

CREATE TABLE `pma__bookmark` (
  `id` int(10) UNSIGNED NOT NULL,
  `dbase` varchar(255) NOT NULL DEFAULT '',
  `user` varchar(255) NOT NULL DEFAULT '',
  `label` varchar(255) CHARACTER SET utf8 COLLATE utf8_general_ci NOT NULL DEFAULT '',
  `query` text NOT NULL
) ENGINE=InnoDB DEFAULT CHARSET=utf8 COLLATE=utf8_bin COMMENT='Bookmarks';

-- --------------------------------------------------------

--
-- Estructura de tabla para la tabla `pma__central_columns`
--

CREATE TABLE `pma__central_columns` (
  `db_name` varchar(64) NOT NULL,
  `col_name` varchar(64) NOT NULL,
  `col_type` varchar(64) NOT NULL,
  `col_length` text DEFAULT NULL,
  `col_collation` varchar(64) NOT NULL,
  `col_isNull` tinyint(1) NOT NULL,
  `col_extra` varchar(255) DEFAULT '',
  `col_default` text DEFAULT NULL
) ENGINE=InnoDB DEFAULT CHARSET=utf8 COLLATE=utf8_bin COMMENT='Central list of columns';

-- --------------------------------------------------------

--
-- Estructura de tabla para la tabla `pma__column_info`
--

CREATE TABLE `pma__column_info` (
  `id` int(5) UNSIGNED NOT NULL,
  `db_name` varchar(64) NOT NULL DEFAULT '',
  `table_name` varchar(64) NOT NULL DEFAULT '',
  `column_name` varchar(64) NOT NULL DEFAULT '',
  `comment` varchar(255) CHARACTER SET utf8 COLLATE utf8_general_ci NOT NULL DEFAULT '',
  `mimetype` varchar(255) CHARACTER SET utf8 COLLATE utf8_general_ci NOT NULL DEFAULT '',
  `transformation` varchar(255) NOT NULL DEFAULT '',
  `transformation_options` varchar(255) NOT NULL DEFAULT '',
  `input_transformation` varchar(255) NOT NULL DEFAULT '',
  `input_transformation_options` varchar(255) NOT NULL DEFAULT ''
) ENGINE=InnoDB DEFAULT CHARSET=utf8 COLLATE=utf8_bin COMMENT='Column information for phpMyAdmin';

-- --------------------------------------------------------

--
-- Estructura de tabla para la tabla `pma__designer_settings`
--

CREATE TABLE `pma__designer_settings` (
  `username` varchar(64) NOT NULL,
  `settings_data` text NOT NULL
) ENGINE=InnoDB DEFAULT CHARSET=utf8 COLLATE=utf8_bin COMMENT='Settings related to Designer';

--
-- Volcado de datos para la tabla `pma__designer_settings`
--

INSERT INTO `pma__designer_settings` (`username`, `settings_data`) VALUES
('root', '{\"snap_to_grid\":\"off\",\"angular_direct\":\"direct\",\"relation_lines\":\"true\"}');

-- --------------------------------------------------------

--
-- Estructura de tabla para la tabla `pma__export_templates`
--

CREATE TABLE `pma__export_templates` (
  `id` int(5) UNSIGNED NOT NULL,
  `username` varchar(64) NOT NULL,
  `export_type` varchar(10) NOT NULL,
  `template_name` varchar(64) NOT NULL,
  `template_data` text NOT NULL
) ENGINE=InnoDB DEFAULT CHARSET=utf8 COLLATE=utf8_bin COMMENT='Saved export templates';

-- --------------------------------------------------------

--
-- Estructura de tabla para la tabla `pma__favorite`
--

CREATE TABLE `pma__favorite` (
  `username` varchar(64) NOT NULL,
  `tables` text NOT NULL
) ENGINE=InnoDB DEFAULT CHARSET=utf8 COLLATE=utf8_bin COMMENT='Favorite tables';

-- --------------------------------------------------------

--
-- Estructura de tabla para la tabla `pma__history`
--

CREATE TABLE `pma__history` (
  `id` bigint(20) UNSIGNED NOT NULL,
  `username` varchar(64) NOT NULL DEFAULT '',
  `db` varchar(64) NOT NULL DEFAULT '',
  `table` varchar(64) NOT NULL DEFAULT '',
  `timevalue` timestamp NOT NULL DEFAULT current_timestamp(),
  `sqlquery` text NOT NULL
) ENGINE=InnoDB DEFAULT CHARSET=utf8 COLLATE=utf8_bin COMMENT='SQL history for phpMyAdmin';

-- --------------------------------------------------------

--
-- Estructura de tabla para la tabla `pma__navigationhiding`
--

CREATE TABLE `pma__navigationhiding` (
  `username` varchar(64) NOT NULL,
  `item_name` varchar(64) NOT NULL,
  `item_type` varchar(64) NOT NULL,
  `db_name` varchar(64) NOT NULL,
  `table_name` varchar(64) NOT NULL
) ENGINE=InnoDB DEFAULT CHARSET=utf8 COLLATE=utf8_bin COMMENT='Hidden items of navigation tree';

-- --------------------------------------------------------

--
-- Estructura de tabla para la tabla `pma__pdf_pages`
--

CREATE TABLE `pma__pdf_pages` (
  `db_name` varchar(64) NOT NULL DEFAULT '',
  `page_nr` int(10) UNSIGNED NOT NULL,
  `page_descr` varchar(50) CHARACTER SET utf8 COLLATE utf8_general_ci NOT NULL DEFAULT ''
) ENGINE=InnoDB DEFAULT CHARSET=utf8 COLLATE=utf8_bin COMMENT='PDF relation pages for phpMyAdmin';

-- --------------------------------------------------------

--
-- Estructura de tabla para la tabla `pma__recent`
--

CREATE TABLE `pma__recent` (
  `username` varchar(64) NOT NULL,
  `tables` text NOT NULL
) ENGINE=InnoDB DEFAULT CHARSET=utf8 COLLATE=utf8_bin COMMENT='Recently accessed tables';

--
-- Volcado de datos para la tabla `pma__recent`
--

INSERT INTO `pma__recent` (`username`, `tables`) VALUES
('root', '[{\"db\":\"migracheck\",\"table\":\"process\"},{\"db\":\"migracheck\",\"table\":\"lawyers_process\"},{\"db\":\"migracheck\",\"table\":\"country\"},{\"db\":\"migracheck\",\"table\":\"lawyers\"},{\"db\":\"migracheck\",\"table\":\"faq\"}]');

-- --------------------------------------------------------

--
-- Estructura de tabla para la tabla `pma__relation`
--

CREATE TABLE `pma__relation` (
  `master_db` varchar(64) NOT NULL DEFAULT '',
  `master_table` varchar(64) NOT NULL DEFAULT '',
  `master_field` varchar(64) NOT NULL DEFAULT '',
  `foreign_db` varchar(64) NOT NULL DEFAULT '',
  `foreign_table` varchar(64) NOT NULL DEFAULT '',
  `foreign_field` varchar(64) NOT NULL DEFAULT ''
) ENGINE=InnoDB DEFAULT CHARSET=utf8 COLLATE=utf8_bin COMMENT='Relation table';

-- --------------------------------------------------------

--
-- Estructura de tabla para la tabla `pma__savedsearches`
--

CREATE TABLE `pma__savedsearches` (
  `id` int(5) UNSIGNED NOT NULL,
  `username` varchar(64) NOT NULL DEFAULT '',
  `db_name` varchar(64) NOT NULL DEFAULT '',
  `search_name` varchar(64) NOT NULL DEFAULT '',
  `search_data` text NOT NULL
) ENGINE=InnoDB DEFAULT CHARSET=utf8 COLLATE=utf8_bin COMMENT='Saved searches';

-- --------------------------------------------------------

--
-- Estructura de tabla para la tabla `pma__table_coords`
--

CREATE TABLE `pma__table_coords` (
  `db_name` varchar(64) NOT NULL DEFAULT '',
  `table_name` varchar(64) NOT NULL DEFAULT '',
  `pdf_page_number` int(11) NOT NULL DEFAULT 0,
  `x` float UNSIGNED NOT NULL DEFAULT 0,
  `y` float UNSIGNED NOT NULL DEFAULT 0
) ENGINE=InnoDB DEFAULT CHARSET=utf8 COLLATE=utf8_bin COMMENT='Table coordinates for phpMyAdmin PDF output';

-- --------------------------------------------------------

--
-- Estructura de tabla para la tabla `pma__table_info`
--

CREATE TABLE `pma__table_info` (
  `db_name` varchar(64) NOT NULL DEFAULT '',
  `table_name` varchar(64) NOT NULL DEFAULT '',
  `display_field` varchar(64) NOT NULL DEFAULT ''
) ENGINE=InnoDB DEFAULT CHARSET=utf8 COLLATE=utf8_bin COMMENT='Table information for phpMyAdmin';

-- --------------------------------------------------------

--
-- Estructura de tabla para la tabla `pma__table_uiprefs`
--

CREATE TABLE `pma__table_uiprefs` (
  `username` varchar(64) NOT NULL,
  `db_name` varchar(64) NOT NULL,
  `table_name` varchar(64) NOT NULL,
  `prefs` text NOT NULL,
  `last_update` timestamp NOT NULL DEFAULT current_timestamp() ON UPDATE current_timestamp()
) ENGINE=InnoDB DEFAULT CHARSET=utf8 COLLATE=utf8_bin COMMENT='Tables'' UI preferences';

-- --------------------------------------------------------

--
-- Estructura de tabla para la tabla `pma__tracking`
--

CREATE TABLE `pma__tracking` (
  `db_name` varchar(64) NOT NULL,
  `table_name` varchar(64) NOT NULL,
  `version` int(10) UNSIGNED NOT NULL,
  `date_created` datetime NOT NULL,
  `date_updated` datetime NOT NULL,
  `schema_snapshot` text NOT NULL,
  `schema_sql` text DEFAULT NULL,
  `data_sql` longtext DEFAULT NULL,
  `tracking` set('UPDATE','REPLACE','INSERT','DELETE','TRUNCATE','CREATE DATABASE','ALTER DATABASE','DROP DATABASE','CREATE TABLE','ALTER TABLE','RENAME TABLE','DROP TABLE','CREATE INDEX','DROP INDEX','CREATE VIEW','ALTER VIEW','DROP VIEW') DEFAULT NULL,
  `tracking_active` int(1) UNSIGNED NOT NULL DEFAULT 1
) ENGINE=InnoDB DEFAULT CHARSET=utf8 COLLATE=utf8_bin COMMENT='Database changes tracking for phpMyAdmin';

-- --------------------------------------------------------

--
-- Estructura de tabla para la tabla `pma__userconfig`
--

CREATE TABLE `pma__userconfig` (
  `username` varchar(64) NOT NULL,
  `timevalue` timestamp NOT NULL DEFAULT current_timestamp() ON UPDATE current_timestamp(),
  `config_data` text NOT NULL
) ENGINE=InnoDB DEFAULT CHARSET=utf8 COLLATE=utf8_bin COMMENT='User preferences storage for phpMyAdmin';

--
-- Volcado de datos para la tabla `pma__userconfig`
--

INSERT INTO `pma__userconfig` (`username`, `timevalue`, `config_data`) VALUES
('root', '2024-10-20 16:01:22', '{\"Console\\/Mode\":\"collapse\",\"lang\":\"es\"}');

-- --------------------------------------------------------

--
-- Estructura de tabla para la tabla `pma__usergroups`
--

CREATE TABLE `pma__usergroups` (
  `usergroup` varchar(64) NOT NULL,
  `tab` varchar(64) NOT NULL,
  `allowed` enum('Y','N') NOT NULL DEFAULT 'N'
) ENGINE=InnoDB DEFAULT CHARSET=utf8 COLLATE=utf8_bin COMMENT='User groups with configured menu items';

-- --------------------------------------------------------

--
-- Estructura de tabla para la tabla `pma__users`
--

CREATE TABLE `pma__users` (
  `username` varchar(64) NOT NULL,
  `usergroup` varchar(64) NOT NULL
) ENGINE=InnoDB DEFAULT CHARSET=utf8 COLLATE=utf8_bin COMMENT='Users and their assignments to user groups';

--
-- 칈ndices para tablas volcadas
--

--
-- Indices de la tabla `pma__bookmark`
--
ALTER TABLE `pma__bookmark`
  ADD PRIMARY KEY (`id`);

--
-- Indices de la tabla `pma__central_columns`
--
ALTER TABLE `pma__central_columns`
  ADD PRIMARY KEY (`db_name`,`col_name`);

--
-- Indices de la tabla `pma__column_info`
--
ALTER TABLE `pma__column_info`
  ADD PRIMARY KEY (`id`),
  ADD UNIQUE KEY `db_name` (`db_name`,`table_name`,`column_name`);

--
-- Indices de la tabla `pma__designer_settings`
--
ALTER TABLE `pma__designer_settings`
  ADD PRIMARY KEY (`username`);

--
-- Indices de la tabla `pma__export_templates`
--
ALTER TABLE `pma__export_templates`
  ADD PRIMARY KEY (`id`),
  ADD UNIQUE KEY `u_user_type_template` (`username`,`export_type`,`template_name`);

--
-- Indices de la tabla `pma__favorite`
--
ALTER TABLE `pma__favorite`
  ADD PRIMARY KEY (`username`);

--
-- Indices de la tabla `pma__history`
--
ALTER TABLE `pma__history`
  ADD PRIMARY KEY (`id`),
  ADD KEY `username` (`username`,`db`,`table`,`timevalue`);

--
-- Indices de la tabla `pma__navigationhiding`
--
ALTER TABLE `pma__navigationhiding`
  ADD PRIMARY KEY (`username`,`item_name`,`item_type`,`db_name`,`table_name`);

--
-- Indices de la tabla `pma__pdf_pages`
--
ALTER TABLE `pma__pdf_pages`
  ADD PRIMARY KEY (`page_nr`),
  ADD KEY `db_name` (`db_name`);

--
-- Indices de la tabla `pma__recent`
--
ALTER TABLE `pma__recent`
  ADD PRIMARY KEY (`username`);

--
-- Indices de la tabla `pma__relation`
--
ALTER TABLE `pma__relation`
  ADD PRIMARY KEY (`master_db`,`master_table`,`master_field`),
  ADD KEY `foreign_field` (`foreign_db`,`foreign_table`);

--
-- Indices de la tabla `pma__savedsearches`
--
ALTER TABLE `pma__savedsearches`
  ADD PRIMARY KEY (`id`),
  ADD UNIQUE KEY `u_savedsearches_username_dbname` (`username`,`db_name`,`search_name`);

--
-- Indices de la tabla `pma__table_coords`
--
ALTER TABLE `pma__table_coords`
  ADD PRIMARY KEY (`db_name`,`table_name`,`pdf_page_number`);

--
-- Indices de la tabla `pma__table_info`
--
ALTER TABLE `pma__table_info`
  ADD PRIMARY KEY (`db_name`,`table_name`);

--
-- Indices de la tabla `pma__table_uiprefs`
--
ALTER TABLE `pma__table_uiprefs`
  ADD PRIMARY KEY (`username`,`db_name`,`table_name`);

--
-- Indices de la tabla `pma__tracking`
--
ALTER TABLE `pma__tracking`
  ADD PRIMARY KEY (`db_name`,`table_name`,`version`);

--
-- Indices de la tabla `pma__userconfig`
--
ALTER TABLE `pma__userconfig`
  ADD PRIMARY KEY (`username`);

--
-- Indices de la tabla `pma__usergroups`
--
ALTER TABLE `pma__usergroups`
  ADD PRIMARY KEY (`usergroup`,`tab`,`allowed`);

--
-- Indices de la tabla `pma__users`
--
ALTER TABLE `pma__users`
  ADD PRIMARY KEY (`username`,`usergroup`);

--
-- AUTO_INCREMENT de las tablas volcadas
--

--
-- AUTO_INCREMENT de la tabla `pma__bookmark`
--
ALTER TABLE `pma__bookmark`
  MODIFY `id` int(10) UNSIGNED NOT NULL AUTO_INCREMENT;

--
-- AUTO_INCREMENT de la tabla `pma__column_info`
--
ALTER TABLE `pma__column_info`
  MODIFY `id` int(5) UNSIGNED NOT NULL AUTO_INCREMENT;

--
-- AUTO_INCREMENT de la tabla `pma__export_templates`
--
ALTER TABLE `pma__export_templates`
  MODIFY `id` int(5) UNSIGNED NOT NULL AUTO_INCREMENT;

--
-- AUTO_INCREMENT de la tabla `pma__history`
--
ALTER TABLE `pma__history`
  MODIFY `id` bigint(20) UNSIGNED NOT NULL AUTO_INCREMENT;

--
-- AUTO_INCREMENT de la tabla `pma__pdf_pages`
--
ALTER TABLE `pma__pdf_pages`
  MODIFY `page_nr` int(10) UNSIGNED NOT NULL AUTO_INCREMENT;

--
-- AUTO_INCREMENT de la tabla `pma__savedsearches`
--
ALTER TABLE `pma__savedsearches`
  MODIFY `id` int(5) UNSIGNED NOT NULL AUTO_INCREMENT;
--
-- Base de datos: `test`
--
CREATE DATABASE IF NOT EXISTS `test` DEFAULT CHARACTER SET latin1 COLLATE latin1_swedish_ci;
USE `test`;
COMMIT;

/*!40101 SET CHARACTER_SET_CLIENT=@OLD_CHARACTER_SET_CLIENT */;
/*!40101 SET CHARACTER_SET_RESULTS=@OLD_CHARACTER_SET_RESULTS */;
/*!40101 SET COLLATION_CONNECTION=@OLD_COLLATION_CONNECTION */;
